Book Id,Title,Author,Author l-f,Additional Authors,ISBN,ISBN13,My Rating,Average Rating,Publisher,Binding,Number of Pages,Year Published,Original Publication Year,Date Read,Date Added,Bookshelves,Bookshelves with positions,Exclusive Shelf,My Review,Spoiler,Private Notes,Read Count,Owned Copies
38812885,The Wicked + The Divine Deluxe Edition: Year Three,Kieron Gillen,"Gillen, Kieron","Jamie McKelvie, Matt Wilson","=""1534308571""","=""9781534308572""",0,4.17,Image Comics,Hardcover,400,2018,,,2021/08/15,"currently-reading, paused","currently-reading (#3), paused (#3)",currently-reading,,,,1,0
26802086,Classic Horror Stories,Edgar Allan Poe,"Poe, Edgar Allan","J. Sheridan Le Fanu, Ambrose Bierce, Henry James, Bram Stoker, Guy de Maupassant, Robert Louis Stevenson, Mary E. Wilkins Freeman, F. Marion Crawford, E. Nesbit, Arthur Conan Doyle, Edith Wharton, M.R. James, Arthur Machen, W.W. Jacobs, Robert W. Chambers, E.F. Benson, Algernon Blackwood, Oliver Onions, William Hope Hodgson, Henry S. Whitehead, W.F. Harvey, H.P. Lovecraft","=""1435146204""","=""9781435146204""",0,4.20,Barnes & Noble,Leather Bound,788,2015,,,2020/09/28,"currently-reading, paused","currently-reading (#1), paused (#2)",currently-reading,,,,1,0
43106808,The Boys Omnibus Vol. 3,Garth Ennis,"Ennis, Garth","Darick Robertson, John McCrea","=""1524110035""","=""9781524110031""",0,4.09,Dynamite Entertainment,Paperback,344,2019,2010,,2021/08/15,"currently-reading, paused","currently-reading (#2), paused (#1)",currently-reading,,,,1,0
161332,Database System Concepts,Abraham Silberschatz,"Silberschatz, Abraham","Henry Korth, S. Sudarshan","=""0072958863""","=""9780072958867""",0,3.77,McGraw-Hill Science/Engineering/Math,Hardcover,1142,2005,1987,,2023/11/16,,,read,,,,1,0
20515125,Our Sexuality,Robert L. Crooks,"Crooks, Robert L.",Karla Baur,"=""""","=""""",0,3.84,Cengage Learning,Kindle Edition,704,2013,1980,,2023/11/16,,,read,,,,1,0
11732660,Hacking: The Art of Exploitation,Jon Erickson,"Erickson, Jon",,"=""""","=""""",0,4.16,,Paperback,854,,2003,,2023/11/16,to-read,to-read (#95),to-read,,,,0,0
9175433,"Voices of the American Past, Volume II",Raymond M. Hyser,"Hyser, Raymond M.",J. Chris Arndt,"=""1111341265""","=""9781111341268""",0,4.38,Cengage Learning,Paperback,352,2011,2011,,2023/11/16,,,read,,,,1,0
19391340,"Operating System Design: The Xinu Approach, Linksys Version",Douglas E. Comer,"Comer, Douglas E.",,"=""1439881111""","=""9781439881118""",0,4.50,Chapman and Hall/CRC,Kindle Edition,629,2011,1984,,2023/11/16,,,read,,,,1,0
18173387,"A People and a Nation: A History of the United States, Volume II: Since 1865",Mary Beth Norton,"Norton, Mary Beth","Jane Kamensky, Carol Sheriff, David W. Blight, Howard Chudacoff","=""1285425898""","=""9781285425894""",0,3.59,Cengage Learning,Unbound,624,2014,1999,,2023/11/16,,,read,,,,1,0
26260526,Operating System Forensics,Ric Messier,"Messier, Ric",,"=""0128019492""","=""9780128019498""",0,3.75,Syngress,Paperback,386,2015,2015,,2023/11/16,,,read,,,,1,0
20911147,Python Forensics: A Workbench for Inventing and Sharing Digital Forensic Technology,Chet Hosmer,"Hosmer, Chet",,"=""0124186769""","=""9780124186767""",0,4.42,Syngress,Paperback,352,2014,2014,,2023/11/16,,,read,,,,1,0
23719792,Black Hat Python: Python Programming for Hackers and Pentesters,Justin Seitz,"Seitz, Justin",,"=""1593276559""","=""9781593276553""",0,4.06,No Starch Press,Kindle Edition,302,2014,2014,,2023/11/16,to-read,to-read (#94),to-read,,,,0,0
22248996,Conditional Design: An introduction to elemental architecture,Anthony di Mari,"Mari, Anthony di",,"=""9063693656""","=""9789063693657""",0,4.15,Laurence King Publishing,Paperback,60,2014,2014,,2023/11/16,to-read,to-read (#93),to-read,,,,0,0
13592090,Operative Design: A Catalog of Spatial Verbs,Anthony di Mari,"Mari, Anthony di",,"=""9063692897""","=""9789063692896""",0,4.15,Laurence King Publishing,Paperback,144,2013,2012,,2023/11/16,to-read,to-read (#92),to-read,,,,0,0
2327833,Siteless: 1001 Building Forms,François Blanciak,"Blanciak, François",,"=""0262026309""","=""9780262026307""",0,4.05,The MIT Press,Paperback,128,2008,2008,,2023/11/16,to-read,to-read (#91),to-read,,,,0,0
27071907,LM Guide to Computer Forensics & Investigations - Lab Manual,Bill Nelson,"Nelson, Bill","Amelia Phillips, Christopher Steuart","=""1285079086""","=""9781285079080""",0,0.0,Cengage Learning,Paperback,224,2015,2015,,2023/11/16,,,read,,,,1,0
33941100,Blue Team Field Manual (BTFM) (RTFM),Alan J. White,"White, Alan J.",Ben Clark,"=""154101636X""","=""9781541016361""",0,4.17,CreateSpace Independent Publishing Platform,Paperback,134,2017,,,2023/11/16,to-read,to-read (#90),to-read,,,,0,0
36305177,Hash Crack: Password Cracking Manual (v2.0),Joshua Picolet,"Picolet, Joshua",,"=""""","=""""",0,4.19,,Kindle Edition,104,2017,,,2023/11/16,to-read,to-read (#89),to-read,,,,0,0
35090684,Serious Cryptography: A Practical Introduction to Modern Encryption,Jean-Philippe Aumasson,"Aumasson, Jean-Philippe",,"=""1593278268""","=""9781593278267""",0,4.30,No Starch Press,Paperback,282,2017,,,2023/11/16,to-read,to-read (#87),to-read,,,,0,0
21419959,Red Team Field Manual,Ben Clark,"Clark, Ben",,"=""1494295504""","=""9781494295509""",0,4.22,CreateSpace Independent Publishing Platform,Paperback,96,2014,2014,,2023/11/16,to-read,to-read (#88),to-read,,,,0,0
35155175,Learn Python in One Day and Learn It Well: Python for Beginners with Hands-on Project,Jamie Chan,"Chan, Jamie",,"=""""","=""""",0,4.00,Learn Coding Fast,Kindle Edition,175,2017,2014,,2023/11/16,,,read,,,,1,0
19525138,"The Art of Memory Forensics: Detecting Malware and Threats in Windows, Linux, and Mac Memory",Michael Hale Ligh,"Ligh, Michael Hale","Andrew Case, Jamie Levy, Aaron Walters","=""1118825098""","=""9781118825099""",0,4.35,Wiley,Paperback,912,2014,2014,,2023/11/16,,,read,,,,1,0
48579876,Kettlebell Simple & Sinister,Pavel Tsatsouline,"Tsatsouline, Pavel",,"=""0989892433""","=""9780989892438""",0,4.36,StrongFirst,Paperback,120,2019,2013,,2023/11/16,,,read,,,,1,0
13328860,"Lord of Souls (The Elder Scrolls, #2)",Greg Keyes,"Keyes, Greg",,"=""""","=""""",0,3.74,Del Rey,Kindle Edition,337,2011,,,2023/11/16,to-read,to-read (#86),to-read,,,,0,0
18868800,"Hercule Poirot's Christmas (Hercule Poirot, #20)",Agatha Christie,"Christie, Agatha",,"=""""","=""""",0,3.98,William Morrow Paperbacks,Kindle Edition,336,2003,1938,,2023/11/16,to-read,to-read (#85),to-read,,,,0,0
55587945,You'll Never Believe What Happened to Lacey: Crazy Stories about Racism,Amber Ruffin,"Ruffin, Amber",Lacey Lamar,"=""1538719347""","=""9781538719343""",0,4.43,Grand Central Publishing,Kindle Edition,241,2021,2021,,2023/11/16,to-read,to-read (#84),to-read,,,,0,0
26248204,Secret Garden: An Inky Treasure Hunt and Colouring Book,Johanna Basford,"Basford, Johanna",,"=""1780671067""","=""9781780671062""",0,4.43,Laurence King Publishing,Paperback,96,2013,2013,,2023/11/16,to-read,to-read (#83),to-read,,,,0,0
55514021,"Awaken Your Inner Goddess: Practical Tools for Self-Care, Emotional Healing, and Self-Realization",Dara Goldberg,"Goldberg, Dara",,"=""1647391148""","=""9781647391140""",0,3.96,Rockridge Press,Paperback,192,2020,,,2023/11/16,to-read,to-read (#82),to-read,,,,0,0
57663076,"Read This to Get Smarter: About Race, Class, Gender, Disability, and More",Blair Imani,"Imani, Blair",,"=""1984860542""","=""9781984860545""",0,4.31,Ten Speed Press,Paperback,192,2021,,,2023/11/16,to-read,to-read (#81),to-read,,,,0,0
48739425,Making Our Way Home: The Great Migration and the Black American Dream,Blair Imani,"Imani, Blair",Patrisse Cullors,"=""1984856928""","=""9781984856920""",0,4.26,Ten Speed Press,Hardcover,192,2020,2020,,2023/11/16,to-read,to-read (#80),to-read,,,,0,0
37969738,Modern HERstory: Stories of Women and Nonbinary People Rewriting History,Blair Imani,"Imani, Blair","Tegan and Sara, Monique Le","=""0399582231""","=""9780399582233""",0,4.25,Ten Speed Press,Hardcover,208,2018,2018,,2023/11/16,to-read,to-read (#79),to-read,,,,0,0
32733467,"Before I Do: A Legal Guide to Marriage, Gay and Otherwise",Elizabeth F. Schwartz,"Schwartz, Elizabeth F.",James Obergefell,"=""""","=""""",0,4.28,The New Press,Kindle Edition,235,2012,,,2023/11/16,,,read,,,,1,0
19225220,Mastering Windows Network Forensics and Investigation,Steve Anson,"Anson, Steve","Steve Bunting, Scott Pearson, Ryan Johnson","=""""","=""""",0,4.29,Sybex,Kindle Edition,662,2012,2012,2020/09/28,2018/09/21,,,read,,,,1,0
9080569,"Linear Circuits: Time Domain, Phasor, and Laplace Transform Approaches",Raymond A. DeCarlo,"DeCarlo, Raymond A.",Pen-Min Lin,"=""0757564992""","=""9780757564994""",1,3.52,Kendall Hunt Publishing,Paperback,1140,2009,1995,,2012/12/25,,,read,,,,1,0
15726434,"Linear Circuits: Time Domain, Phasor, and Laplace Transform Approaches",Raymond A. DeCarlo,"DeCarlo, Raymond A.",,"=""""","=""9870757564994""",1,3.52,Kendall Hunt Publishing,Paperback,1140,2012,1995,,2012/12/25,,,read,,,,1,0
35106485,"Windows Internals, Part 1: System Architecture, Processes, Threads, Memory Management, and More",Yosifovich Pavel,"Pavel, Yosifovich","Alex Ionescu, David A. Solomon","=""0133986462""","=""""",0,4.54,Microsoft Press,Kindle Edition,800,2017,,2021/08/15,2020/09/28,,,read,,,,1,0
6488043,The Infernal City (The Elder Scrolls #1),Greg Keyes,"Keyes, Greg",J. Gregory Keyes,"=""0345508017""","=""9780345508010""",0,3.49,Del Rey,Paperback,304,2009,2009,2021/08/15,2020/09/28,,,read,,,,1,0
42785689,The Boys Omnibus Vol. 2,Garth Ennis,"Ennis, Garth",Darick Robertson,"=""1524109703""","=""9781524109707""",0,4.11,Dynamite Entertainment,Paperback,376,2019,2009,,2021/08/15,,,read,,,,1,0
45168235,The Boys Omnibus Vol. 1,Garth Ennis,"Ennis, Garth",Darick Robertson,"=""""","=""""",0,3.97,Dynamite Entertainment,Kindle Edition,354,2019,2006,,2021/08/15,,,read,,,,1,0
38748572,Abbott,Saladin Ahmed,"Ahmed, Saladin","Sami Kivelä, Jason Wordie","=""1684152453""","=""9781684152452""",0,4.03,BOOM! Studios,Paperback,128,2018,2018,,2021/08/15,,,read,,,,1,0
57990045,Abbott: 1973 #5,Saladin Ahmed,"Ahmed, Saladin","Sami Kivelä, Taj Tenfold","=""1646684680""","=""9781646684687""",0,4.20,BOOM! Studios,Kindle Edition,24,2021,2021,,2021/08/15,,,read,,,,1,0
57886972,Abbott: 1973 #4,Saladin Ahmed,"Ahmed, Saladin","Taj Tenfold, Sami Kivela","=""164668432X""","=""9781646684328""",0,4.39,BOOM! Studios,Kindle Edition,25,2021,2021,,2021/08/15,,,read,,,,1,0
57439642,Abbott: 1973 #3,Saladin Ahmed,"Ahmed, Saladin","Taj Tenfold, Sami Kivela","=""""","=""""",0,4.18,BOOM! Studios,Kindle Edition,24,2021,2021,,2021/08/15,,,read,,,,1,0
57106662,Abbott 1973 #2,Saladin Ahmed,"Ahmed, Saladin","Taj Tenfold, Mattia Iacono, Sami Kivela","=""1646683927""","=""9781646683925""",0,4.19,BOOM! Studios,Kindle Edition,26,2021,2021,,2021/08/15,,,read,,,,1,0
56756348,Abbott: 1973 #1,Saladin Ahmed,"Ahmed, Saladin",,"=""1646683757""","=""9781646683758""",0,4.05,BOOM! Studios,Kindle Edition,34,2021,2021,,2021/08/15,,,read,,,,1,0
34840092,Bingo Love,Tee Franklin,"Franklin, Tee","Jenn St-Onge, Joy San, Cardinal Rae","=""""","=""""",0,3.93,Inclusive Press,ebook,92,2017,2018,,2021/08/15,,,read,,,,1,0
40652630,Bingo Love Volume 1: Jackpot Edition,Tee Franklin,"Franklin, Tee","Marguerite Bennett, Gail Simone, Alyssa Cole, Jenn St. Onge, Shawn Pryor, Sara Alfageeh, Paulina Ganucheau, Beverly Johnson, Katie Cook, Gabby Rivera, Ariela Kristantina, Amanda Deibert, Rori!, Shae Beagle, Margaux Saltel, Angael Davis, Joy San, Cardinal Rae, Genevieve FT, Carla Speed McNeil, Janice Chiang, Alex Robinson, Vivian Ng, Caitlin Quirk, Taylor Esposito, Megan Hutchinson, Cat Staggs, Christopher The Wolffe","=""1534309837""","=""9781534309838""",0,4.15,Image Comics,Hardcover,160,2018,2018,,2021/08/15,,,read,,,,1,0
34057432,The Wicked + The Divine Deluxe Edition: Year Two,Kieron Gillen,"Gillen, Kieron","Jamie McKelvie, Brandon Graham, Kate Brown, Leila del Duca, Mat Lopes, Stephanie Hans, Tula Lotay","=""1534302204""","=""9781534302204""",0,4.18,Image Comics,Hardcover,400,2017,2017,,2021/08/15,,,read,,,,1,0
28533221,The Wicked + The Divine Deluxe Edition: Year One,Kieron Gillen,"Gillen, Kieron","Jamie McKelvie, Clayton Cowles, Brandon Graham, Matt  Wilson, Kate  Brown, Leila del Duca, Mat Lopes, Stephanie Hans, Tula Lotay","=""1632157284""","=""9781632157287""",0,4.13,Image Comics,Hardcover,400,2016,2016,,2021/08/15,,,read,,,,1,0
58276960,Something is Killing the Children #17,James Tynion IV,"IV, James Tynion","Werther Dell'Edera, Miquel Muerto, AndWorld Design","=""""","=""""",0,4.38,BOOM! Studios,Kindle Edition,27,2021,2021,,2021/08/15,,,read,,,,1,0
58160641,Something is Killing the Children #16,James Tynion IV,"IV, James Tynion","Werther Dell'Edera, Miquel Muerto, AndWorld Design","=""1646684710""","=""9781646684717""",0,4.32,BOOM! Studios,Kindle Edition,25,2021,2021,,2021/08/15,,,read,,,,1,0
55711279,"Something is Killing the Children, Vol. 3",James Tynion IV,"IV, James Tynion",Werther Dell’Edera,"=""1684157072""","=""9781684157075""",0,4.28,BOOM! Studios,Paperback,144,2021,2021,,2021/08/15,,,read,,,,1,0
51323358,"Something is Killing the Children, Vol. 2",James Tynion IV,"IV, James Tynion",Werther Dell’Edera,"=""1684156491""","=""9781684156498""",0,4.25,BOOM! Studios,Paperback,144,2020,2020,,2021/08/15,,,read,,,,1,0
52757827,"Something is Killing the Children, Vol. 1",James Tynion IV,"IV, James Tynion","Werther Dell'Edera, Miquel Muerto, AndWorld Design","=""1684155584""","=""9781684155583""",0,4.14,BOOM! Studios,Paperback,128,2020,2020,,2021/08/15,,,read,,,,1,0
13496,"A Game of Thrones (A Song of Ice and Fire, #1)",George R.R. Martin,"Martin, George R.R.",,"=""0553588486""","=""9780553588484""",0,4.44,Bantam,Mass Market Paperback,835,2005,1996,,2014/01/11,to-read,to-read (#78),to-read,,,,0,0
20821263,"Shifting Shadows (Mercy Thompson #0.1, #0.5, #0.7, #0.9, #1.2, #1.8, #4.5, #5.5, #7.4, #8.5)",Patricia Briggs,"Briggs, Patricia",,"=""0425265005""","=""9780425265000""",0,4.40,Ace,Hardcover,450,2014,2014,,2016/05/01,to-read,to-read (#77),to-read,,,,0,0
18154,The Cuckoo's Egg: Tracking a Spy Through the Maze of Computer Espionage,Clifford Stoll,"Stoll, Clifford",,"=""1416507787""","=""9781416507789""",0,4.28,Pocket Books,Paperback,399,2005,1989,,2016/05/01,to-read,to-read (#76),to-read,,,,0,0
18889867,The Practice of Network Security Monitoring: Understanding Incident Detection and Response,Richard Bejtlich,"Bejtlich, Richard",,"=""159327534X""","=""9781593275341""",0,4.09,No Starch Press,Kindle Edition,595,2013,2013,2020/09/28,2018/08/06,,,read,,,,1,0
35799855,Network Forensics,Ric Messier,"Messier, Ric",,"=""""","=""""",0,0.0,Wiley,Kindle Edition,322,2017,,2020/09/28,2018/09/12,,,read,,,,1,0
23265431,"Python Programming for Beginners: An Introduction to the Python Computer Language and Computer Programming (Python, Python 3, Python Tutorial)",Jason Cannon,"Cannon, Jason",,"=""""","=""""",0,3.92,,Kindle Edition,164,2014,2014,2020/09/28,2018/10/18,,,read,,,,1,0
30335287,Learning Python for Forensics,Preston Miller,"Miller, Preston",Chapin Bryce,"=""""","=""""",0,5.00,Packt Publishing,Kindle Edition,490,2016,,2020/09/28,2019/02/11,,,read,,,,1,0
29577505,The Creepypasta Collection: Modern Urban Legends You Can't Unread,Mr. Creepy Pasta,"Pasta, Mr. Creepy","T.W. Grim, Vincent V. Cava, Aaron Shotwell, Isaac Boissonneau, Sarah Cairns, Barnabas Deimos, Max Lobdell, Rona Vaselaar, Michael Marks, Michael Whitehouse, WellHey Productions, Goldc01n","=""1440597901""","=""9781440597909""",0,3.80,Adams Media,Paperback,304,2016,2016,,2020/08/02,to-read,to-read (#75),to-read,,,,0,0
2036419,Stardust:  Le mystère de l'étoile - Une histoire d'amour au royame de Faerie,Neil Gaiman,"Gaiman, Neil",Charles Vess,"=""2809401683""","=""9782809401684""",0,4.10,"Panini Comics, DL",,,2007,1999,,2011/08/13,to-read,to-read (#29),to-read,,,,0,0
25776210,"Fire Touched (Mercy Thompson, #9)",Patricia Briggs,"Briggs, Patricia",,"=""0425256766""","=""9780425256763""",0,4.38,Ace,Hardcover,342,2016,2016,,2016/05/01,to-read,to-read (#74),to-read,,,,0,0
17562900,"Night Broken (Mercy Thompson, #8)",Patricia Briggs,"Briggs, Patricia",,"=""042525674X""","=""9780425256749""",5,4.42,Ace Hardcover,Hardcover,341,2014,2014,,2014/08/08,,,read,,,,1,0
11035657,"Frost Burned (Mercy Thompson, #7)",Patricia Briggs,"Briggs, Patricia",,"=""1841497983""","=""9781841497983""",0,4.36,Orbit,Paperback,342,2013,2013,,2011/08/05,,,read,,,,1,0
125870,Billy Budd and Other Stories,Herman Melville,"Melville, Herman",Frederick Busch,"=""0140390537""","=""9780140390537""",4,3.58,Penguin Books,Paperback,416,1986,1853,,2014/01/05,,,read,,,,1,0
89723,The Lottery and Other Stories,Shirley Jackson,"Jackson, Shirley",A.M. Homes,"=""0374529531""","=""9780374529536""",5,4.04,"Farrar, Straus and Giroux",Paperback,302,2005,1949,,2014/01/05,,,read,,,,1,0
6219656,The Lottery,Shirley Jackson,"Jackson, Shirley",,"=""1563127873""","=""9781563127878""",0,4.08,Perfection Learning,Paperback,30,1990,1948,,2014/01/05,,,read,,,,1,0
849790,Where the Rivers Flow North (Hardscrabble Books),Howard Frank Mosher,"Mosher, Howard Frank",,"=""1584653639""","=""9781584653639""",4,4.06,University Press of New England,Paperback,216,2004,1978,,2014/01/03,,,read,,,,1,0
37415,Their Eyes Were Watching God,Zora Neale Hurston,"Hurston, Zora Neale",,"=""0061120065""","=""9780061120060""",5,3.98,Amistad,Paperback,238,2006,1937,,2014/01/03,,,read,,,,1,0
38447,"The Handmaid’s Tale (The Handmaid's Tale, #1)",Margaret Atwood,"Atwood, Margaret",,"=""""","=""""",0,4.13,Anchor Books,Paperback,314,1998,1985,,2014/01/03,to-read,to-read (#73),to-read,,,,0,0
84981,Tuck Everlasting,Natalie Babbitt,"Babbitt, Natalie",,"=""0374480095""","=""9780374480097""",4,3.90,"Farrar, Straus and Giroux (BYR)",Paperback,148,1985,1975,,2010/10/22,,,read,,,,1,0
8852,Macbeth,William Shakespeare,"Shakespeare, William","Barbara A. Mowat, Paul Werstine","=""0743477103""","=""9780743477109""",4,3.90,Simon & Schuster,Mass Market Paperback,249,2013,1623,,2013/12/31,,,read,,,,1,0
890,Of Mice and Men,John Steinbeck,"Steinbeck, John",,"=""0142000671""","=""9780142000670""",4,3.88,Penguin Books,Paperback,107,2002,1937,,2013/12/31,,,read,,,,1,0
215541,"The Reality Bug (Pendragon, #4)",D.J. MacHale,"MacHale, D.J.",,"=""0743437349""","=""9780743437349""",5,4.16,Aladdin Paperbacks,Paperback,375,2003,2003,,2013/12/31,,,read,,,,1,0
536982,"The Never War (Pendragon, #3)",D.J. MacHale,"MacHale, D.J.",William Dufris,"=""1597372552""","=""9781597372558""",5,4.13,Brilliance Audio,MP3 CD,352,2005,2003,,2013/12/31,,,read,,,,1,0
215543,"The Lost City of Faar (Pendragon, #2)",D.J. MacHale,"MacHale, D.J.",,"=""0743437322""","=""9780743437325""",5,4.18,Aladdin Paperbacks,Paperback,384,2003,2003,,2013/12/31,,,read,,,,1,0
833710,"The Merchant of Death (Pendragon, #1)",D.J. MacHale,"MacHale, D.J.",,"=""0743437314""","=""9780743437318""",5,3.96,Aladdin Paperbacks,Paperback,375,2002,2002,,2013/12/31,,,read,,,,1,0
9571617,The Immortal Life of Henrietta Lacks,Rebecca Skloot,"Skloot, Rebecca",,"=""1400052181""","=""9781400052189""",4,4.11,Broadway Paperbacks,Paperback,382,2011,2010,2011/10/04,2011/08/05,,,read,,,,1,0
9528186,Pretty Little Liars (TV Series),Lambert M. Surhone,"Surhone, Lambert M.",,"=""613321368X""","=""9786133213685""",5,4.46,Betascript Publishing,Paperback,286,2010,,,2012/08/09,,,read,,,,1,0
833111,Abarat,Clive Barker,"Barker, Clive",,"=""0060596376""","=""9780060596378""",0,4.10,HarperCollins,Mass Market Paperback,477,2004,2002,,2011/08/13,to-read,to-read (#23),to-read,,,,0,0
510342,Dark Matter: A Century of Speculative Fiction from the African Diaspora,Sheree Renée Thomas,"Thomas, Sheree Renée","W.E.B. Du Bois, Kalamu ya Salaam, Samuel R. Delany, Nalo Hopkinson, Akua Lezli Hope, Charles W. Chesnutt, Octavia E. Butler, Linda Addison, Charles R. Saunders, Nisi Shawl, Steven Barnes, Jewelle L. Gómez, Henry Dumas, Tony Medina, Kiini Ibura Salaam, Robert Fleming, Derrick A. Bell, Darryl A. Smith, Ama Patterson, Walter Mosley, Honorée Fanonne Jeffers, Paul D. Miller, Evie Shockley, Leone Ross, Tananarive Due, Amiri Baraka","=""0446677248""","=""9780446677240""",0,4.16,Aspect,Paperback,427,2001,2000,,2013/07/05,to-read,to-read (#72),to-read,,,,0,0
60925,Fledgling,Octavia E. Butler,"Butler, Octavia E.",,"=""0446696161""","=""9780446696166""",0,3.83,Grand Central Publishing,Paperback,310,2007,2005,,2013/07/05,to-read,to-read (#71),to-read,,,,0,0
12982393,Dare Me,Megan Abbott,"Abbott, Megan",,"=""0316097772""","=""9780316097772""",0,3.23,Reagan Arthur Books,Hardcover,290,2012,2012,,2012/08/09,to-read,to-read (#70),to-read,,,,0,0
126381,Purple Hibiscus,Chimamanda Ngozi Adichie,"Adichie, Chimamanda Ngozi",,"=""""","=""""",0,4.18,Harper Perennial,Paperback,336,2005,2003,,2012/08/09,to-read,to-read (#69),to-read,,,,0,0
18749,Half of a Yellow Sun,Chimamanda Ngozi Adichie,"Adichie, Chimamanda Ngozi",,"=""1400044162""","=""9781400044160""",0,4.33,Knopf,Hardcover,433,2006,2006,,2012/08/09,to-read,to-read (#68),to-read,,,,0,0
31426,The Collected Poems,Sylvia Plath,"Plath, Sylvia",,"=""0808595040""","=""9780808595045""",0,4.22,Turtleback,School & Library Binding,349,1981,1981,,2012/08/09,to-read,to-read (#67),to-read,,,,0,0
98573,"Harold and the Purple Crayon (Harold, #1)",Crockett Johnson,"Johnson, Crockett",,"=""0747532036""","=""9780747532033""",4,4.28,Bloomsbury,Hardcover,64,1996,1955,,2012/08/09,,,read,,,,1,0
13145,"Along Came a Spider (Alex Cross, #1)",James Patterson,"Patterson, James",,"=""0446692638""","=""9780446692632""",0,4.13,Grand Central Publishing,Paperback,449,2003,1993,,2012/08/09,to-read,to-read (#66),to-read,,,,0,0
149267,The Stand,Stephen King,"King, Stephen",Bernie Wrightson,"=""""","=""""",0,4.35,Doubleday Books,Hardcover,1152,1990,1978,,2012/08/09,to-read,to-read (#65),to-read,,,,0,0
28676,American Psycho,Bret Easton Ellis,"Ellis, Bret Easton",,"=""0679735771""","=""9780679735779""",0,3.81,Vintage Contemporaries / Random House,Paperback,399,1991,1991,,2012/08/09,to-read,to-read (#64),to-read,,,,0,0
17245,Dracula,Bram Stoker,"Stoker, Bram","Rubén Toledo, Nina Auerbach, David J. Skal","=""0393970124""","=""9780393970128""",0,4.01,Norton,Paperback,488,1986,1897,,2012/08/09,to-read,to-read (#63),to-read,,,,0,0
67035,"Relic (Pendergast, #1)",Douglas Preston,"Preston, Douglas",Lincoln Child,"=""0765354942""","=""9780765354945""",0,4.05,Tor Books,Mass Market Paperback,480,2005,1995,,2012/08/09,to-read,to-read (#62),to-read,,,,0,0
11588,"The Shining (The Shining, #1)",Stephen King,"King, Stephen",,"=""0450040186""","=""9780450040184""",0,4.26,New English Library (Hodder & Stoughton) ,Paperback,497,1980,1977,,2012/08/09,to-read,to-read (#61),to-read,,,,0,0
5297,The Picture of Dorian Gray,Oscar Wilde,"Wilde, Oscar",Jeffrey Eugenides,"=""""","=""""",0,4.12,Random House: Modern Library,Paperback,272,2004,1890,,2012/08/09,to-read,to-read (#60),to-read,,,,0,0
18490,Frankenstein,Mary Wollstonecraft Shelley,"Shelley, Mary Wollstonecraft",,"=""0141439475""","=""9780141439471""",0,3.86,Penguin,Paperback,273,2003,1818,,2012/08/09,to-read,to-read (#59),to-read,,,,0,0
23807,"The Silence of the Lambs  (Hannibal Lecter, #2)",Thomas  Harris,"Harris, Thomas",,"=""""","=""""",0,4.24,Arrow Books,Paperback,421,2002,1988,,2012/08/09,to-read,to-read (#58),to-read,,,,0,0
12873,Rebecca,Daphne du Maurier,"Maurier, Daphne du",Sally Beauman,"=""1844080382""","=""9781844080380""",0,4.24,HACHETTE,Paperback,428,2003,1938,,2012/08/09,to-read,to-read (#57),to-read,,,,0,0
4395,The Grapes of Wrath,John Steinbeck,"Steinbeck, John",,"=""""","=""""",0,4.00,Penguin Books,Paperback,455,2002,1939,,2012/08/09,to-read,to-read (#56),to-read,,,,0,0
386,Another Bullshit Night in Suck City,Nick Flynn,"Flynn, Nick",,"=""0393329402""","=""9780393329407""",0,3.80,W. W. Norton & Company,Paperback,347,2005,2004,,2012/08/09,to-read,to-read (#55),to-read,,,,0,0
248596,Something Wicked This Way Comes,Ray Bradbury,"Bradbury, Ray",,"=""0380729407""","=""9780380729401""",0,3.91,Harper Voyager,Mass Market Paperback,293,1998,1962,,2012/08/09,to-read,to-read (#54),to-read,,,,0,0
234225,"Dune (Dune, #1)",Frank Herbert,"Herbert, Frank",,"=""0340839937""","=""9780340839935""",0,4.26,Hodder,Paperback,604,2006,1965,,2012/08/09,to-read,to-read (#53),to-read,,,,0,0
375802,"Ender’s Game (Ender's Saga, #1)",Orson Scott Card,"Card, Orson Scott",,"=""0812550706""","=""9780812550702""",0,4.31,Tor,Mass Market Paperback,324,2004,1985,,2012/08/09,to-read,to-read (#52),to-read,,,,0,0
7082,Do Androids Dream of Electric Sheep?,Philip K. Dick,"Dick, Philip K.",,"=""""","=""""",0,4.09,Del Rey / Ballantine Books,Paperback,244,1996,1968,,2012/08/09,to-read,to-read (#51),to-read,,,,0,0
184419,The Man Who Was Thursday: A Nightmare,G.K. Chesterton,"Chesterton, G.K.","Jonathan Lethem, José Laurênio de Mello","=""0375757910""","=""9780375757914""",0,3.83,Modern Library,Paperback,182,2001,1908,,2012/08/09,to-read,to-read (#50),to-read,,,,0,0
76740,The Demolished Man,Alfred Bester,"Bester, Alfred",,"=""""","=""""",0,3.97,Millennium,Paperback,250,1999,1953,,2012/05/13,to-read,to-read (#49),to-read,,,,0,0
11945645,Best Sex Writing 2012: The State of Today's Sexual Culture,Rachel Kramer Bussel,"Bussel, Rachel Kramer","Susie Bright, Joan  Price, Rachel Rabbit White, Lynn Harris, Radley Balko, Tim Elhajj, Camille Dodero, Roxane Gay, Thomas S. Roche, Tracy Quan, Amanda Marcotte, Abby Tallmer, Adrian Colesberry, Ellen Friedrichs, Lidia Yuknavitch, Kevin Sampsell, Marty Klein, Tracy Clark-Flory, Katherine Spillar, Chris Sweeney, Greta Christina, Amber Dawn, Hugo Schwyzer","=""1573447595""","=""9781573447591""",0,3.78,Cleis Press,Paperback,220,2012,2012,,2012/02/06,to-read,to-read (#48),to-read,,,,0,0
6425725,Sense and Sensibility and Sea Monsters,Ben H. Winters,"Winters, Ben H.",Jane Austen,"=""1594744424""","=""9781594744426""",0,3.28,Quirk Books,Paperback,340,2009,2009,,2012/02/06,to-read,to-read (#47),to-read,,,,0,0
6486765,February,Lisa Moore,"Moore, Lisa",,"=""088784202X""","=""9780887842023""",0,3.71,House of Anansi Pr,Hardcover,310,2010,2009,,2012/02/06,to-read,to-read (#46),to-read,,,,0,0
98687,Call Me by Your Name,André Aciman,"Aciman, André",,"=""0374299218""","=""9780374299217""",0,4.11,"Farrar, Straus and Giroux",Hardcover,248,2007,2007,,2012/02/06,to-read,to-read (#45),to-read,,,,0,0
5129,Brave New World,Aldous Huxley,"Huxley, Aldous",,"=""0060929871""","=""9780060929879""",0,3.99,HarperPerennial / Perennial Classics,Paperback,268,1998,1932,,2012/02/06,to-read,to-read (#44),to-read,,,,0,0
18576,Everything on a Waffle (Coal Harbour #1),Polly Horvath,"Horvath, Polly",,"=""0374422087""","=""9780374422080""",4,3.71,"Farrar, Straus and Giroux (BYR)",Paperback,160,2004,2001,,2012/02/06,,,read,,,,1,0
967494,The Mitten,Jan Brett,"Brett, Jan",,"=""039921920X""","=""9780399219207""",4,4.27,G.P. Putnam's Sons,Hardcover,32,1989,1989,,2012/02/06,,,read,,,,1,0
99300,The Yellow Wallpaper and Other Stories,Charlotte Perkins Gilman,"Gilman, Charlotte Perkins",,"=""0486298574""","=""9780486298573""",0,4.05,Dover Publications,Paperback,70,1997,1892,,2012/02/06,to-read,to-read (#43),to-read,,,,0,0
76171,We,Yevgeny Zamyatin,"Zamyatin, Yevgeny",Clarence Brown,"=""0140185852""","=""9780140185850""",0,3.89,Penguin Twentieth Century Classics,Paperback,226,1993,1924,,2012/02/06,to-read,to-read (#42),to-read,,,,0,0
12153951,"American Vampire, Vol. 3",Scott Snyder,"Snyder, Scott","Rafael Albuquerque, Sean        Murphy, Danijel Žeželj","=""1401233333""","=""9781401233334""",0,4.15,Vertigo,Hardcover,288,2012,2012,,2012/02/06,to-read,to-read (#41),to-read,,,,0,0
3700085,Marcelo in the Real World,Francisco X. Stork,"Stork, Francisco X.",,"=""0545054745""","=""9780545054744""",0,3.94,Arthur A. Levine Books,Hardcover,312,2009,2008,,2012/02/06,to-read,to-read (#40),to-read,,,,0,0
47730,The Complete Poems,Anne Sexton,"Sexton, Anne",,"=""0395957761""","=""9780395957769""",0,4.28,Mariner Books,Paperback,622,1999,1981,,2012/02/06,to-read,to-read (#39),to-read,,,,0,0
5585788,"Skinwalker (Jane Yellowrock, #1)",Faith Hunter,"Hunter, Faith",,"=""0451462807""","=""9780451462800""",0,3.93,Ace,Mass Market Paperback,320,2009,2009,,2012/02/06,to-read,to-read (#38),to-read,,,,0,0
828084,Pictures of Hollis Woods,Patricia Reilly Giff,"Giff, Patricia Reilly",,"=""0439692393""","=""9780440415787""",4,4.03,Yearling,Paperback,166,2004,2002,,2012/02/06,,,read,,,,1,0
168642,In Cold Blood,Truman Capote,"Capote, Truman",,"=""0679745580""","=""9780679745587""",0,4.08,Vintage,Paperback,343,1994,1959,,2012/02/06,to-read,to-read (#37),to-read,,,,0,0
333735,Rabbit Hill,Robert Lawson,"Lawson, Robert",,"=""0142407968""","=""9780142407967""",4,3.80,Puffin Books,Paperback,127,2007,1944,,2012/02/06,,,read,,,,1,0
12063925,"The Trait (The Trait Series, #1)",Kristin Damon,"Damon, Kristin",,"=""1617926213""","=""9781617926211""",0,3.79,BookBaby,ebook,443,2010,2010,,2011/08/13,to-read,to-read (#20),to-read,,,,0,0
10357575,"1Q84 (1Q84, #1-3)",Haruki Murakami,"Murakami, Haruki","Jay Rubin, Philip Gabriel","=""0307593312""","=""9780307593313""",0,3.94,Knopf,Hardcover,944,2011,2009,,2012/01/09,to-read,to-read (#36),to-read,,,,0,0
46677,"Alexander and the Terrible, Horrible, No Good, Very Bad Day",Judith Viorst,"Viorst, Judith",Ray Cruz,"=""0689711735""","=""9780689711732""",4,4.24,Atheneum Books for Young Readers,Paperback,32,1987,1972,,2011/10/14,,,read,,,,1,0
767680,If You Give a Mouse a Cookie (If You Give...),Laura Joffe Numeroff,"Numeroff, Laura Joffe",Felicia Bond,"=""""","=""9780060245863""",4,4.28,Harper Collins Publishers,Paperback,40,1996,1985,,2011/10/14,,,read,,,,1,0
764347,"Unwind (Unwind, #1)",Neal Shusterman,"Shusterman, Neal",,"=""1416912045""","=""9781416912040""",0,4.17,Simon & Schuster Books for Young Readers,Hardcover,337,2007,2007,,2011/10/09,to-read,to-read (#35),to-read,,,,0,0
6371747,Alone in the Company of Others: A Novel,Kelly Huddleston,"Huddleston, Kelly",,"=""""","=""""",0,3.38,,Kindle Edition,424,,2009,,2011/08/13,to-read,to-read (#34),to-read,,,,0,0
10550293,Pulled,Amy Lichtenhan,"Lichtenhan, Amy",,"=""""","=""""",0,3.93,The Writers Coffee Shop,Paperback,388,2011,2011,,2011/08/13,to-read,to-read (#33),to-read,,,,0,0
5060378,"The Girl Who Played with Fire (Millennium, #2)",Stieg Larsson,"Larsson, Stieg",Reg Keeland,"=""0307269981""","=""9780307269980""",0,4.25,Alfred A. Knopf,Hardcover,503,2009,2006,,2011/08/13,to-read,to-read (#32),to-read,,,,0,0
6892870,"The Girl Who Kicked the Hornet's Nest (Millennium, #3)",Stieg Larsson,"Larsson, Stieg",Reg Keeland,"=""030726999X""","=""9780307269997""",0,4.23,Knopf,Hardcover,566,2010,2007,,2011/08/13,to-read,to-read (#31),to-read,,,,0,0
5470,1984,George Orwell,"Orwell, George",,"=""""","=""""",0,4.19,New American Library,Mass Market Paperback,328,1950,1949,,2011/08/13,to-read,to-read (#30),to-read,,,,0,0
2429135,"The Girl with the Dragon Tattoo (Millennium, #1)",Stieg Larsson,"Larsson, Stieg",Reg Keeland,"=""0670069019""","=""9780670069019""",0,4.16,Viking Canada,Hardcover,480,2008,2005,,2011/08/13,to-read,to-read (#28),to-read,,,,0,0
10054335,Rules of Civility,Amor Towles,"Towles, Amor",,"=""""","=""""",0,4.08,Viking Adult,Hardcover,335,2011,2011,,2011/08/13,to-read,to-read (#27),to-read,,,,0,0
10477828,A Small Fortune,Audrey Braun,"Braun, Audrey",,"=""1935597655""","=""9781935597650""",0,3.35,AmazonEncore,Paperback,279,2011,2010,,2011/08/13,to-read,to-read (#26),to-read,,,,0,0
10457410,By Nightfall,Michael Cunningham,"Cunningham, Michael",,"=""0312610432""","=""9780312610432""",0,3.44,Picador,Paperback,238,2011,2010,,2011/08/13,to-read,to-read (#25),to-read,,,,0,0
9266779,Frost,Marianna Baer,"Baer, Marianna",,"=""0061799491""","=""9780061799495""",0,3.40,Balzer + Bray,Hardcover,396,2011,2011,,2011/08/13,to-read,to-read (#24),to-read,,,,0,0
10551037,"Isle of Night (The Watchers, #1)",Veronica Wolff,"Wolff, Veronica",,"=""0451234626""","=""9780451234629""",0,3.74,NAL,Paperback,302,2011,2011,,2011/08/13,to-read,to-read (#22),to-read,,,,0,0
11174735,Fauna,Alissa York,"York, Alissa",,"=""0307357902""","=""9780307357908""",0,3.64,Vintage Canada,Paperback,384,2011,2010,,2011/08/13,to-read,to-read (#21),to-read,,,,0,0
11734681,The Fierce Crackle of Fragile Wings,Jason Fisk,"Fisk, Jason",,"=""1926616251""","=""9781926616254""",0,4.00,Six Gallery Press,Paperback,102,2011,2011,,2011/08/13,to-read,to-read (#19),to-read,,,,0,0
11474151,Love At Absolute Zero,Christopher Meeks,"Meeks, Christopher",,"=""098363291X""","=""9780983632917""",0,3.24,White Whisker Books,Paperback,311,2011,2011,,2011/08/13,to-read,to-read (#18),to-read,,,,0,0
9893331,"Twisted (Pretty Little Liars, #9)",Sara Shepard,"Shepard, Sara",,"=""0062081012""","=""9780062081018""",0,4.00,HarperTeen,Hardcover,307,2011,2011,,2011/07/07,to-read,to-read (#17),to-read,,,,0,0
1885,Pride and Prejudice,Jane Austen,"Austen, Jane",Anna Quindlen,"=""""","=""""",0,4.28,Modern Library,Paperback,279,2000,1813,,2010/10/22,to-read,to-read (#16),to-read,,,,0,0
839103,The Bell Jar,Sylvia Plath,"Plath, Sylvia",,"=""0553278355""","=""9780553278354""",5,4.05,Bantam,Mass Market Paperback,216,1978,1963,2011/05/24,2011/01/10,,,read,,,,1,0
8722243,The Book of the Dead: Lives of the Justly Famous and the Undeservedly Obscure,John Lloyd,"Lloyd, John",John Mitchinson,"=""0307716406""","=""9780307716408""",0,3.92,Crown,Hardcover,434,2010,2015,,2011/05/21,to-read,to-read (#15),to-read,,,,0,0
895551,HOUSE OF LEAVES.,Mark Z. Danielewski,"Danielewski, Mark Z.",,"=""0375407324""","=""9780375407321""",4,4.09,NY: PANTHEON. 2000,Paperback,709,2000,2000,2011/05/07,2011/01/17,,,read,,,,1,0
7624,Lord of the Flies,William Golding,"Golding, William",,"=""0140283331""","=""9780140283334""",4,3.69,Penguin Books ,Paperback,182,1999,1954,2011/04/07,2011/03/19,,,read,,,,1,0
10631790,"River Marked (Mercy Thompson, #6)",Patricia Briggs,"Briggs, Patricia",,"=""""","=""""",5,4.28,Ace,Kindle Edition,337,2011,2011,2011/04/07,2011/03/01,,,read,,,,1,0
7075298,Cloaked,Alex Flinn,"Flinn, Alex",,"=""0060874228""","=""9780060874223""",0,3.64,HarperCollins ,Hardcover,341,2011,2011,,2011/02/15,to-read,to-read (#14),to-read,,,,0,0
40024,"The Alienist (Dr. Laszlo Kreizler, #1)",Caleb Carr,"Carr, Caleb",,"=""0812976142""","=""9780812976144""",0,4.06,Random House,Paperback,498,2006,1994,,2011/01/17,to-read,to-read (#13),to-read,,,,0,0
1306417,The Lottery and Other Stories,Shirley Jackson,"Jackson, Shirley",,"=""0445003006""","=""9780445003002""",0,4.04,Fawcett Popular Library,Mass Market Paperback,306,1977,1949,,2011/01/17,to-read,to-read (#12),to-read,,,,0,0
164154,"A Canticle for Leibowitz (St. Leibowitz, #1)",Walter M. Miller Jr.,"Jr., Walter M. Miller",Mary Doria Russell,"=""0060892994""","=""9780060892999""",0,3.98,HarperCollins EOS,Paperback,334,2006,1959,,2011/01/17,to-read,to-read (#11),to-read,,,,0,0
38709,"Holes (Holes, #1)",Louis Sachar,"Sachar, Louis",,"=""0439244196""","=""9780439244190""",4,3.99,Scholastic,Paperback,272,2000,1998,,2011/01/17,,,read,,,,1,0
7822895,"The Millennium Trilogy (Millennium Trilogy, #1-3)",Stieg Larsson,"Larsson, Stieg",Reg Keeland,"=""0307594777""","=""9780307594778""",0,4.46,Knopf,Hardcover,1531,2010,2005,,2011/01/17,to-read,to-read (#10),to-read,,,,0,0
6327,The Witches,Roald Dahl,"Dahl, Roald",Quentin Blake,"=""0590032496""","=""9780590032490""",0,4.17,Scholastic Inc.,Paperback,208,1997,1983,,2011/01/17,,,read,,,,1,0
139253,The House on Mango Street,Sandra Cisneros,"Cisneros, Sandra",,"=""0679734775""","=""9780679734772""",4,3.69,Knopf Doubleday Publishing Group,Paperback,110,2009,1984,,2011/01/17,,,read,,,,1,0
6185,Wuthering Heights,Emily Brontë,"Brontë, Emily","Richard J. Dunn, Charlotte Brontë, John Bugg, Robert Heindel","=""""","=""""",0,3.88,Norton,Paperback,464,2002,1847,,2011/01/17,to-read,to-read (#9),to-read,,,,0,0
24178,Charlotte's Web,E.B. White,"White, E.B.","Garth Williams, Rosemary Wells","=""0064410935""","=""9780064410939""",0,4.20,HarperCollinsPublishers,Paperback,184,2001,1952,,2011/01/17,,,read,,,,1,0
807968,"Molly Moon's Incredible Book of Hypnotism (Molly Moon, #1)",Georgia Byng,"Byng, Georgia",,"=""0060514094""","=""9780060514099""",0,3.92,HarperCollins,Paperback,371,2004,2002,,2011/01/17,,,read,,,,1,0
903,The Egypt Game (Game #1),Zilpha Keatley Snyder,"Snyder, Zilpha Keatley",Alton Raible,"=""0808553038""","=""9780808553038""",0,3.83,Turtleback Books,Library Binding,240,2009,1967,,2011/01/17,,,read,,,,1,0
22232,"Stargirl (Stargirl, #1)",Jerry Spinelli,"Spinelli, Jerry",,"=""0439488400""","=""9780439488402""",0,3.77,Scholastic,Paperback,186,2002,2000,,2011/01/17,,,read,,,,1,0
53498,"Love That Dog (Jack, #1)",Sharon Creech,"Creech, Sharon",,"=""0064409597""","=""9780064409599""",0,4.04,HarperCollins Children's Book Group,Paperback,112,2003,2001,,2011/01/17,,,read,,,,1,0
13083,Hoot,Carl Hiaasen,"Hiaasen, Carl",,"=""0440421705""","=""9780440421702""",0,3.83,Yearling,Paperback,304,2006,2002,,2011/01/17,,,read,,,,1,0
766020,The Rainbow Fish,Marcus Pfister,"Pfister, Marcus",,"=""1558580093""","=""9781558580091""",0,4.20,North-South Books,Hardcover,32,1992,1992,,2011/01/17,,,read,,,,1,0
61549,Mr. Popper's Penguins,Richard Atwater,"Atwater, Richard","Florence Atwater, Robert Lawson","=""""","=""""",0,3.97,"Little, Brown and Company",Paperback,139,1992,1938,,2011/01/17,,,read,,,,1,0
139463,Maniac Magee,Jerry Spinelli,"Spinelli, Jerry",,"=""0590452037""","=""9780590452038""",0,3.89,Scholastic,Paperback,184,2002,1990,,2011/01/17,,,read,,,,1,0
65118,"The Hostile Hospital (A Series of Unfortunate Events, #8)",Lemony Snicket,"Snicket, Lemony",Brett Helquist,"=""1405206128""","=""9781405206129""",0,3.99,Egmont,Hardcover,272,2003,2001,,2011/01/17,,,read,,,,1,0
150037,"The Vile Village (A Series of Unfortunate Events, #7)",Lemony Snicket,"Snicket, Lemony",Brett Helquist,"=""0060566221""","=""9780060566227""",0,3.97,HarperCollins Publishers ,Hardcover,272,2001,2001,,2011/01/17,,,read,,,,1,0
172327,"The Ersatz Elevator (A Series of Unfortunate Events, #6)",Lemony Snicket,"Snicket, Lemony",Tim Curry,"=""0060566213""","=""9780060566210""",0,4.05,HarperCollins Publishers ,Hardcover,259,2001,2001,,2011/01/17,,,read,,,,1,0
131123,"The Austere Academy (A Series of Unfortunate Events, #5)",Lemony Snicket,"Snicket, Lemony","Brett Helquist, Michael Kupperman","=""0064408639""","=""9780064408639""",0,4.00,HarperCollins,Hardcover,221,2000,2000,,2011/01/17,,,read,,,,1,0
281235,"Bunnicula (Bunnicula, #1)",Deborah Howe,"Howe, Deborah","James Howe, Victor Garber, Alan Daniel","=""1416928170""","=""9781416928171""",0,3.88,GREAT SOURCE,Paperback,98,2010,1979,,2011/01/17,,,read,,,,1,0
65119,"The Miserable Mill (A Series of Unfortunate Events, #4)",Lemony Snicket,"Snicket, Lemony",Brett Helquist,"=""0439272637""","=""9780439272636""",0,3.86,"Scholastic, Inc.",Paperback,194,2000,2000,,2011/01/17,,,read,,,,1,0
460548,"Go, Dog. Go!",P.D. Eastman,"Eastman, P.D.",,"=""0394800206""","=""9780394800202""",0,4.14,Random House,Hardcover,64,1961,1961,,2011/01/17,,,read,,,,1,0
106264,"Sarah, Plain and Tall (Sarah, Plain and Tall, #1)",Patricia MacLachlan,"MacLachlan, Patricia",,"=""0618062416""","=""9780618062416""",0,3.82,Houghton Mifflin,Paperback,64,2001,1985,,2011/01/17,,,read,,,,1,0
438492,"The Wide Window (A Series of Unfortunate Events, #3)",Lemony Snicket,"Snicket, Lemony",Brett Helquist,"=""0064407683""","=""9780064407687""",0,3.95,HarperCollins Publishers,Hardcover,214,2000,2000,,2011/01/17,,,read,,,,1,0
293595,Chicka Chicka Boom Boom,Bill Martin Jr.,"Jr., Bill Martin","John Archambault, Lois Ehlert","=""068983568X""","=""9780689835681""",0,4.25,Beach Lane Books,Paperback,32,2000,1989,,2011/01/17,,,read,,,,1,0
667234,"The Cat in the Hat Comes Back (The Cat in the Hat, #2)",Dr. Seuss,"Seuss, Dr.",,"=""0394800028""","=""9780394800028""",0,3.90,Begginner Books,Hardcover,63,2000,1958,,2011/01/17,,,read,,,,1,0
78418,"The Reptile Room (A Series of Unfortunate Events, #2)",Lemony Snicket,"Snicket, Lemony",Brett Helquist,"=""""","=""""",0,4.01,"Scholastic, Inc.",Paperback,192,1999,1999,,2011/01/17,,,read,,,,1,0
231850,Corduroy,Don Freeman,"Freeman, Don",,"=""0670241334""","=""9780670241330""",0,4.32,Viking Books for Young Readers,Hardcover,32,1968,1968,,2011/01/17,,,read,,,,1,0
125507,The True Story of the 3 Little Pigs,Jon Scieszka,"Scieszka, Jon",Lane Smith,"=""0140544518""","=""9780140544510""",0,4.32,Puffin Books,Paperback,32,1996,1989,,2011/01/17,,,read,,,,1,0
759611,"Brown Bear, Brown Bear, What Do You See?",Bill Martin Jr.,"Jr., Bill Martin",Eric Carle,"=""0805047905""","=""9780805047905""",0,4.25,Henry Holt and Co.,Board book,24,1996,1967,,2011/01/17,,,read,,,,1,0
2839,Bridge to Terabithia,Katherine Paterson,"Paterson, Katherine",,"=""0439366771""","=""9780439366779""",0,4.04,Trumpet Club Special Edition,Paperback,128,1996,1977,,2011/01/17,,,read,,,,1,0
7770,"One Fish, Two Fish, Red Fish, Blue Fish",Dr. Seuss,"Seuss, Dr.",,"=""0007173687""","=""9780007173686""",0,4.17,Harper Collins Children's Books,Hardcover,64,2003,1960,,2011/01/17,,,read,,,,1,0
4948,The Very Hungry Caterpillar,Eric Carle,"Carle, Eric",,"=""0241003008""","=""9780241003008""",0,4.32,Puffin Books,Board book,26,1994,1969,,2011/01/17,,,read,,,,1,0
32929,Goodnight Moon,Margaret Wise Brown,"Brown, Margaret Wise",Clement Hurd,"=""0060775858""","=""9780060775858""",0,4.30,HarperCollins,Hardcover,32,2007,1947,,2011/01/17,,,read,,,,1,0
239239,The Prestige,Christopher Priest,"Priest, Christopher",,"=""0312858868""","=""9780312858865""",0,3.91,Tom Doherty Associates Tor Books,Paperback,404,1997,1995,,2011/01/17,to-read,to-read (#8),to-read,,,,0,0
931027,Ghost Boy,Iain Lawrence,"Lawrence, Iain",,"=""044041668X""","=""9780440416685""",5,3.74,Laurel Leaf,Mass Market Paperback,340,2002,2000,,2011/01/17,,,read,,,,1,0
100915,"The Lion, the Witch and the Wardrobe (Chronicles of Narnia, #1)",C.S. Lewis,"Lewis, C.S.","Tormod Haugen, Per Svein Paulsen","=""""","=""""",0,4.23,HarperCollins Publishers,Paperback,206,2005,1950,,2011/01/17,,,read,,,,1,0
23772,Green Eggs and Ham,Dr. Seuss,"Seuss, Dr.",,"=""0394800168""","=""9780394800165""",0,4.31,Random House Books for Young Readers,Hardcover,64,1988,1960,,2011/01/17,,,read,,,,1,0
5292853,"Hunting Ground (Alpha & Omega, #2)",Patricia Briggs,"Briggs, Patricia",,"=""044101738X""","=""9780441017386""",5,4.28,Ace,Mass Market Paperback,286,2009,2009,2011/01/17,2011/01/17,,,read,,,,1,0
7942786,"Fair Game (Alpha & Omega, #3)",Patricia Briggs,"Briggs, Patricia",,"=""1841497967""","=""9781841497969""",0,4.34,Orbit,Paperback,308,2012,2012,,2011/01/17,to-read,to-read (#7),to-read,,,,0,0
2355575,"Cry Wolf (Alpha & Omega, #1)",Patricia Briggs,"Briggs, Patricia",,"=""0441016154""","=""9780441016150""",4,4.12,Ace,Mass Market Paperback,294,2008,2008,2011/01/17,2011/01/10,,,read,,,,1,0
1254951,"The Luxe (Luxe, #1)",Anna Godbersen,"Godbersen, Anna",,"=""0061345660""","=""9780061345661""",0,3.64,HarperCollins,Hardcover,433,2007,2007,,2011/01/10,to-read,to-read (#6),to-read,,,,0,0
544891,"Beastly (Beastly, #1)",Alex Flinn,"Flinn, Alex",,"=""0060874163""","=""9780060874162""",5,3.82,HarperTeen,Hardcover,336,2007,2007,,2011/01/10,,,read,,,,1,0
6587387,"Silver Borne (Mercy Thompson, #5)",Patricia Briggs,"Briggs, Patricia",,"=""044101819X""","=""9780441018192""",4,4.38,Ace Books,Hardcover,352,2010,2010,,2010/12/15,,,read,,,,1,0
3128411,"Bone Crossed (Mercy Thompson, #4)",Patricia Briggs,"Briggs, Patricia",,"=""1841496863""","=""9781841496863""",5,4.34,Orbit,Paperback,292,2009,2009,2010/12/20,2010/12/18,,,read,,,,1,0
128092,"The Pigman (The Pigman, #1)",Paul Zindel,"Zindel, Paul",,"=""0060757353""","=""9780060757359""",4,3.60,HarperTeen,Paperback,166,2005,1968,,2010/12/18,,,read,,,,1,0
7784,The Lorax,Dr. Seuss,"Seuss, Dr.",,"=""0679889108""","=""9780679889106""",4,4.34,Random House Childrens Books,Hardcover,72,1998,1971,,2010/12/15,,,read,,,,1,0
1412138,"Iron Kissed (Mercy Thompson, #3)",Patricia Briggs,"Briggs, Patricia",,"=""0441015662""","=""9780441015665""",5,4.34,Ace,Mass Market Paperback,287,2008,2008,2010/12/15,2010/12/12,,,read,,,,1,0
268917,"The Doll People (Doll People, #1)",Ann M. Martin,"Martin, Ann M.","Laura Godwin, HPFC, Brian Selznick","=""0786812400""","=""9780786812400""",4,4.05,"Little, Brown Books for Young Readers",Paperback,288,2003,2000,,2010/12/12,,,read,,,,1,0
231804,The Outsiders,S.E. Hinton,"Hinton, S.E.",,"=""""","=""""",4,4.12,Puffin Books (US/CAN),Mass Market Paperback,192,1997,1967,,2010/12/12,,,read,,,,1,0
285205,"Blood Bound (Mercy Thompson, #2)",Patricia Briggs,"Briggs, Patricia",,"=""0441014739""","=""9780441014736""",5,4.31,Ace,Mass Market Paperback,292,2007,2007,2010/12/11,2010/12/10,,,read,,,,1,0
4381,Fahrenheit 451,Ray Bradbury,"Bradbury, Ray",,"=""0307347974""","=""9780307347978""",5,3.97,DeBolsillo,Mass Market Paperback,158,2004,1953,,2010/12/10,,,read,,,,1,0
6501265,The Gate of Lake Forest,Ami Blackwelder,"Blackwelder, Ami",,"=""""","=""""",5,3.56,Eloquent Enraptures Publishing,Paperback,275,2011,2009,,2010/11/21,,,read,,,,1,0
71811,"Moon Called (Mercy Thompson, #1)",Patricia Briggs,"Briggs, Patricia",,"=""0441013813""","=""9780441013814""",4,4.15,Ace,Mass Market Paperback,288,2006,2006,2010/12/10,2010/11/19,,,read,,,,1,0
9522123,"The Invasion of 2020 (Shifter Evolutions, #1)",Ami Blackwelder,"Blackwelder, Ami",Magnolia Belle,"=""""","=""""",0,3.14,Eloquent Enraptures Publishing,Paperback,265,2011,2011,,2010/11/21,to-read,to-read (#5),to-read,,,,0,0
6339664,"Hush, Hush (Hush, Hush, #1)",Becca Fitzpatrick,"Fitzpatrick, Becca",,"=""1416989412""","=""9781416989417""",0,3.93,Simon & Schuster,Hardcover,391,2009,2009,,2010/11/21,to-read,to-read (#4),to-read,,,,0,0
3047851,"Wanted (Pretty Little Liars, #8)",Sara Shepard,"Shepard, Sara",,"=""0061566179""","=""9780061566172""",5,4.10,HarperTeen,Hardcover,261,2010,2010,,2010/11/21,,,read,,,,1,0
3047848,"Heartless (Pretty Little Liars, #7)",Sara Shepard,"Shepard, Sara",,"=""0061566152""","=""9780061566158""",5,4.03,Harper Teen,Hardcover,274,2010,2010,,2010/11/21,,,read,,,,1,0
3047849,"Killer (Pretty Little Liars, #6)",Sara Shepard,"Shepard, Sara",,"=""0061566128""","=""9780061566127""",5,4.01,HarperTeen,Library Binding,320,2009,2009,,2010/11/21,,,read,,,,1,0
3047850,"Wicked (Pretty Little Liars, #5)",Sara Shepard,"Shepard, Sara",,"=""006156608X""","=""9780061566080""",5,3.96,HarperTeen,Library Binding,312,2008,2008,,2010/11/21,,,read,,,,1,0
1537534,"Unbelievable (Pretty Little Liars, #4)",Sara Shepard,"Shepard, Sara",,"=""0060887397""","=""9780060887391""",5,4.00,HarperTeen,Hardcover,335,2008,2008,,2010/11/21,,,read,,,,1,0
162085,"Pretty Little Liars (Pretty Little Liars, #1)",Sara Shepard,"Shepard, Sara",,"=""0060887303""","=""9780060887308""",5,3.85,HarperTeen,Hardcover,286,2006,2006,,2010/11/21,,,read,,,,1,0
162089,"Flawless (Pretty Little Liars, #2)",Sara Shepard,"Shepard, Sara",,"=""0060887338""","=""9780060887339""",5,3.89,HarperTeen,Hardcover,330,2007,2007,,2010/11/21,,,read,,,,1,0
1651302,"Perfect (Pretty Little Liars, #3)",Sara Shepard,"Shepard, Sara",,"=""0060887370""","=""9780060887377""",5,3.95,HarperTeen,Paperback,298,2007,2007,,2010/11/21,,,read,,,,1,0
1629601,The Disreputable History of Frankie Landau-Banks,E. Lockhart,"Lockhart, E.",,"=""0786838183""","=""9780786838189""",4,3.81,"Little, Brown Books for Young Readers",Hardcover,345,2008,2008,,2010/11/21,,,read,,,,1,0
3975774,"Evermore (The Immortals, #1)",Alyson Noel,"Noel, Alyson",,"=""031253275X""","=""9780312532758""",5,3.59,St. Martin's Griffin,Paperback,301,2009,2009,2010/11/05,2010/11/05,,,read,"Pretty good love story, had me frustrated at points but that's what good books do to me :D.",,,1,0
3250465,"Jerk, California",Jonathan Friesen,"Friesen, Jonathan",,"=""0142412031""","=""9780142412039""",4,3.82,Speak,Paperback,327,2008,2008,2010/10/29,2010/10/22,,,read,,,,1,0
157055,"Once Upon a Marigold (Upon a Marigold, #1)",Jean Ferris,"Ferris, Jean",,"=""0152050841""","=""9780152050849""",5,4.00,"Harcourt, Inc.",Paperback,271,2004,2002,,2010/10/22,,,read,,,,1,0
18131,"A Wrinkle in Time (A Wrinkle in Time Quintet, #1)",Madeleine L'Engle,"L'Engle, Madeleine",,"=""0440498058""","=""9780440498056""",4,3.98,Yearling Books,Paperback,211,1973,1962,,2010/10/22,,,read,,,,1,0
5899779,"Pride and Prejudice and Zombies (Pride and Prejudice and Zombies, #1)",Seth Grahame-Smith,"Grahame-Smith, Seth",Jane Austen,"=""1594743347""","=""9781594743344""",0,3.31,Quirk Classics,Paperback,320,2009,2009,,2010/10/22,to-read,to-read (#3),to-read,,,,0,0
514771,Right Behind You,Gail Giles,"Giles, Gail",,"=""0316166367""","=""9780316166362""",4,4.01,"Little, Brown Books for Young Readers",Hardcover,304,2007,2007,,2010/10/22,,,read,,,,1,0
16793,Stardust,Neil Gaiman,"Gaiman, Neil",,"=""0061142026""","=""9780061142024""",0,4.10,Harper Perennial,Paperback,248,2006,1999,,2010/10/22,to-read,to-read (#2),to-read,,,,0,0
13376,"The House of the Scorpion (Matteo Alacran, #1)",Nancy Farmer,"Farmer, Nancy",,"=""0689852231""","=""9780689852237""",5,4.08,Atheneum Books for Young Readers,Paperback,380,2004,2002,,2010/10/22,,,read,,,,1,0
10365,Where the Red Fern Grows,Wilson Rawls,"Rawls, Wilson",,"=""0375806814""","=""9780375806810""",3,4.11,Yearling,Mass Market Paperback,272,2000,1961,,2010/10/22,,,read,,,,1,0
78411,"The Bad Beginning (A Series of Unfortunate Events, #1)",Lemony Snicket,"Snicket, Lemony",Brett Helquist,"=""0439206472""","=""9780439206471""",4,4.00,"Scholastic, Inc.",Paperback,176,1999,1999,,2010/10/22,,,read,,,,1,0
24765,"Specials (Uglies, #3)",Scott Westerfeld,"Westerfeld, Scott",Rodrigo Corral,"=""0689865406""","=""9780689865404""",5,3.76,Simon Pulse,Hardcover,384,2006,2006,,2010/10/22,,,read,,,,1,0
9822,"Mrs. Frisby and the Rats of NIMH (Rats of NIMH, #1)",Robert C. O'Brien,"O'Brien, Robert C.",,"=""0689862202""","=""9780689862205""",4,4.16,Aladdin,Paperback,240,2003,1971,,2010/10/22,,,read,,,,1,0
357664,Because of Winn-Dixie,Kate DiCamillo,"DiCamillo, Kate",,"=""0763616052""","=""9780763616052""",4,4.09,Candlewick Press,Paperback,182,2001,2000,,2010/10/22,,,read,,,,1,0
17061,Coraline,Neil Gaiman,"Gaiman, Neil",Dave McKean,"=""0061139378""","=""9780061139376""",5,4.11,William Morrow Paperbacks,Paperback,176,2006,2002,,2010/10/22,,,read,,,,1,0
24768,"Pretties (Uglies, #2)",Scott Westerfeld,"Westerfeld, Scott",,"=""0689865392""","=""9780689865398""",5,3.84,Simon Pulse,Paperback,370,2005,2005,,2010/10/22,,,read,,,,1,0
439288,Speak,Laurie Halse Anderson,"Anderson, Laurie Halse",,"=""014131088X""","=""9780141310886""",4,4.04,Puffin,Paperback,202,2001,1999,,2010/10/22,,,read,,,,1,0
24770,"Uglies (Uglies, #1)",Scott Westerfeld,"Westerfeld, Scott",,"=""""","=""""",5,3.85,Simon Pulse,Paperback,425,2005,2005,,2010/10/22,,,read,,,,1,0
3636,"The Giver (The Giver, #1)",Lois Lowry,"Lowry, Lois",,"=""0385732554""","=""9780385732550""",3,4.12,Ember,Paperback,208,2006,1993,,2010/10/22,,,read,,,,1,0
370493,The Giving Tree,Shel Silverstein,"Silverstein, Shel",,"=""0060256656""","=""9780060256654""",5,4.38,HarperCollins Publishers,Hardcover,64,1964,1964,,2010/10/22,,,read,,,,1,0
10210,Jane Eyre,Charlotte Brontë,"Brontë, Charlotte",Michael Mason,"=""0142437204""","=""9780142437209""",0,4.15,Penguin,Paperback,532,2003,1847,,2010/10/22,to-read,to-read (#1),to-read,,,,0,0
3,"Harry Potter and the Sorcerer's Stone (Harry Potter, #1)",J.K. Rowling,"Rowling, J.K.",,"=""""","=""""",2,4.47,Scholastic Inc,Hardcover,309,2003,1997,,2010/10/22,,,read,,,,1,0
18135,Romeo and Juliet,William Shakespeare,"Shakespeare, William",,"=""""","=""""",3,3.74,Washington Square Press,Mass Market Paperback,281,2002,1597,,2010/10/22,,,read,,,,1,0
30119,Where the Sidewalk Ends,Shel Silverstein,"Silverstein, Shel",,"=""0060513039""","=""9780060513030""",4,4.33,Harpercollins Childrens Books,Hardcover,176,2002,1974,,2010/10/22,,,read,,,,1,0
4671,The Great Gatsby,F. Scott Fitzgerald,"Fitzgerald, F. Scott",,"=""""","=""""",4,3.93,Scribner,Paperback,180,1925,1925,,2010/10/22,,,read,,,,1,0
2657,To Kill a Mockingbird,Harper Lee,"Lee, Harper",,"=""""","=""""",3,4.26,Harper Perennial Modern Classics ,Paperback,323,2006,1960,,2010/10/22,,,read,,,,1,0